doc_id,category,text
talk_politics_misc_001,talk.politics.misc,"Since we are talking in theory and opinion, then I'll put in my $.02.
	First, a rebuttle. Personally, I love under-dogs. Unlike 
bandwagon jumpers, I abandon teams when they start winning. People that
cheer for winners just because they are winners are insecure people who are
afraid to be associated with something negative.


On this one point, I agree. The reason that people bash WASP's is 
because they have been on top for a long time. Whoever is on top is
going to oppress whoever is below them so that they can stay on top.
If Hannibal had pushed on to Rome after his victory at Cannae we might
all be bashing the blacks for oppressing us peacefull white people 
for all these centuries. I seriously doubt that if the blacks had 
conquered the world that they would have treated their colonies any
better/worse than the whites did.
	The white race did some unspeakable things to the other races of
the world. But they only did what any other conquering race would have done
(ie. Khan). The real question is, should we carry over that blame to the
present generation who didn't participate in the crimes? Would it do 
any good? Has it done Bosnia any good? They are fighting wars that stopped
hundreds, even thousands, of years ago. 
	My opinion is, if there are inequities now, then let's change
them. But don't blame me for what my ancestors did. It wouldn't settle
anything anyway.


That's where you are dead wrong. You don't join up on a side just because
they are winning. That makes you spineless. Winning, in high school and
after high school, is still the best way to be popular, but it doesn't make
you right. All the best causes in history were loosing causes (with only
a couple exceptions). Winning only makes a difference to other people, not
to yourself. And what good is the opinions of other people if they only care
how you appear (ie. a Winner).

	If you can't beat them, fight them every inch of the way. 


------------------------------------------------------------------------------
""At that moment the bottom fell out of Authur's mind.          Garrett Johnson
 His eyes turned inside out. His feet began to leak out     Garrett@Ingres.com
 of the top of his head. The room folded flat around him, 
 spun around, shifted out of existence and left him sliding
 into his own naval."" - Douglas Adams"
rec_sport_baseball_001,rec.sport.baseball,"Wetteland comes off the DL on April 23rd, and will be evaluated on the 24th.
He is throwing well, and without pain on the side.

DeShields is not on the DL.  He suffered from the chicken pox and lost
(this is the official total) 12 pounds.  He will be back, hopefully,
next week.

Walker will be back this tonight or tomorrow..."
rec_sport_baseball_002,rec.sport.baseball,"Hmm, it seems the Little Leaguers didn't do too badly against Hershiser,
Strawberry, E. Davis, and the rest of the Dodgers yesterday ...   :-)"
sci_med_001,sci.med,"Path: news.larc.nasa.gov!darwin.sura.net!zaphod.mps.ohio-state.edu!uwm.edu!linac!att!bu.edu!dozonoff
   From: dozonoff@bu.edu (david ozonoff)
   Newsgroups: sci.med
   Date: 21 Apr 93 16:18:19 GMT
   References: <PAULSON.93Apr19081647@cmb00.larc.nasa.gov>
   Sender: news@bu.edu
   Lines: 22
   X-Newsreader: Tin 1.1 PL5

   : 
   {much deleted]
   : 
   : 
   : The fact that this happened while eating two sugar coated cereals made
   : by Kellog's makes me think she might be having an allergic reaction to
   : something in the coating or the cereals.  Of the four of us in our
   : immediate family, Kathryn shows the least signs of the hay fever, running
   : nose, itchy eyes, etc. but we have a lot of allergies in our family history
   : including some weird food allergies - nuts, mushrooms. 
   : 

   Many of these cereals are corn-based. After your post I looked in the
   literature and located two articles that implicated corn (contains
   tryptophan) and seizures. The idea is that corn in the diet might
   potentiate an already existing or latent seizure disorder, not cause it.
   Check to see if the two Kellog cereals are corn based. I'd be interested.
   --
   David Ozonoff, MD, MPH		 |Boston University School of Public Health
   dozonoff@med-itvax1.bu.edu	 |80 East Concord St., T3C
   (617) 638-4620			 |Boston, MA 02118 


A couple of folks have suggested the ""corn connection"".  In the five month
period between the two seizures, my daughter had eaten a fair amount of
Kix and Berry Berry Kix in the mornings and never had a problem.  I checked
the labels and the first ingredient is corn.  She has also never had a problem
eating corn or corn on the cob but of course, that is usually later in the day
with a full stomach so the absorption would not be so high.  I do believe that
Frost Flakes have corn in them but I will have to check the Fruit Loops.  But
the fact that she has eaten this other corny cereal in the morning makes me
wonder.

Thanks for checking into this.  All information at this point is valuable to me.

Sharon"
talk_politics_misc_002,talk.politics.misc,"Yes, very serious.  I claim that I can substantiate my statement that
Rudman says he doesn't believe Perot was investigating him.  You claim
Perot was investigating him.  If you will state that you were in error
on this point, provided I produce the source, I'll go dig it up.

Now give me one reason why I should go to the trouble if you won't
agree to this?  It is simple enough you know.  But I don't have time
to waste if you'll just blow it off with more of the tripe you usually
post."
talk_politics_misc_003,talk.politics.misc,"improve these kids' chances>>of getting another job in the future, but what 
inner city kid would want to hold>>down just one more minimum wage job when 
there is so much more money to be made>>dealing drugs?  

I suppose the correct answer is not ""family values""?

S'pose not.  Never mind.  Sorry."
talk_politics_misc_004,talk.politics.misc,"To answer your irrelevant question, yes a person of color is human,
but I still don't know what you mean by human being and you have
merely begged the question without responding.  By trying to inject
the notion of race into the discussion, you muddy the waters without
adding any insight whatever.  The same parallel question could
be ""Is a polydactyl person a human being?""  You still have not
answered what you mean by human being.  Please do so.


You won't answer the question and instead drag in irrelevancies.
If you want a definition of human being that does not depend on
the vagaries of law, but holds solid whatever the law may rule,
provide it for me.


More irrelevancies.  As Larry Margolis pointed out, the law
has made special exceptions in order to include fetuses, but does
not follow your version of human being.  And as he pointed out,
brain death is not a means of determining who has the rights
of the living, but rather who has died.  There is a significant
difference.

What I am wondering now is, has your argument so failed you that
you feel it necessary to drag out irrelevancies and leave the
thread you started?  You got answers to your questions when
you began baiting me, if you recall, after you had made some
ridiculous remarks about Adrienne Regard and, having been corrected,
changed the subject with your remarks about having a discussion
of substance.  If you really wanted a discussion of substance,
why then do you disregard logic and substance in order to toss
silly accussations, e.g. ""It really doesn't matter to you...""
If it matters to you, then why not define human being and seek
some substance?  You're not going to convince a logical person
of the rightness of your position unless you apply some logic
and show some meaning to your words.


As others point out, one is sacrificed for the other depending on
which has the better chance at survival.  Again, your analogy
fails.  Not precedence, but possession makes a difference here.
A woman's womb is indisputably her own.  Also, I see you ignore
my statement that you would grant rights to a fetus that would
not be granted a born human being.  Was that due to its inconvenience?


Is it?  Please cite a precedent and the basis of the ruling.


You simply assert things without any support.  Your analogy is
not accurate and your assertions are unsupported.  Try this on
for size.  It is not murder for one Siamese twin to kill
the other in the womb.  There.  We now have equal arguments.
But the idea is illogical.  For one Siamese twin to kill the
other in the womb would likely be to kill itself as well.  The
systems are dependent on each other for life.  I'm still struggling
to see anything analagous here and failing to do so.


Your argument is from Fantasy Island.  Your comparison is a total
failure, as I have demonstrated already, and has no basis in
reality, neither legally nor medically.  And for you to assert
that it is not a perfect comparison because of the impossible,
that of coercion or oppression, is ridiculous.  As I said,
you give the analogy too little credit for failure.  On the one
hand you start this by saying you want to take a real, rather than
a hypothetical, situation, then you fly off into Siamese twins
murdering one another in the womb or coercing or oppressing each
other in the womb when the reality of the situation you describe
in now way matches your version.  As I said before, decisions
are made regarding which twin lives and dies in situations where
they cannot both survive.  And, furthermore, as I have already said,
there is a difference between an equal claim to organs and a claim
that is unequal.  You seem to be asserting that a fetus has a
claim on a woman's womb.  When the fetus is born, what happens to
its claim?  And by what reason do you assert its claim?


You haven't answered the question.  The situations are not analagous.


Again you avoid the question.  Dependence can be transferred, and
it is not as slow as you seem to think.


Yes, and I'd hate to have been the one to tell Dr Gunn's children that
he was murdered by a religious, ""pro-life"" fanatic.  Please do
try to stay relevant.


Clever comeback.  I congratulate you on the readiness of your wit.

What happened to that claim to bodily organs where life is at stake?
Why does this parent now have an indisputable right to his or her
kidney when previously the parent did not, by your standards?  What
is different about the two situations?  I see I have to spell this
out for you since the meaning was too subtle for you.  In the one
case you do not recognize a difference between a fetus and a born
child (you ask why a born child cannot be abandoned but a fetus
can), and in this case you recognize a significant difference
between the fetus and born child where the lives of the two are at
stake.  You can't have it both ways.  Action and inaction are
irrelevant to the principle, but you are wrong about the inaction
anyway.  Ask any of the numerous women who post here and have
borne children how inactive their pregnancy was.  To have a
healthy, live child, a woman does more than hang out, eat as
she chooses, plays volleyball like she always did, drinks at
parties with her friends, etc.  She behaves very differently, and
the provision of her resources to a fetus may be no more voluntary
than the beating of her heart, but it is far from inactive."
rec_sport_baseball_003,rec.sport.baseball,"ekdfc@ttacs1.ttu.edu (David Coons):
 > > The rules say baseball is a game between two teams of nine
 > > players each.  Let's keep it that way. 

niepornt@phoenix.Princeton.EDU (David Marc Nieporent):
 > Not any more the rules don't say that.  So that's a pretty dumb
 > argument.


REALLY???  My little mind be boggled!  I don't have a 1993 Rule Book
yet, so David, would you please post the new wording of Rule 1.01 -- I
am MIGHTILY curious!  Much thanks."
talk_politics_misc_005,talk.politics.misc,"# ##For a while, homosexuals paid higher insurance rates than straights,
# ##and with very good reason, until the government made it illegal to
# ##do so.
# 
# Well if we go by this philosophy how many Children do you think
# we help pay for with our insurance premiums???  Children who obviously
# cannot be afforded, since the insurance companies have to pay for
# all of the prenatal and birthing.....  What about the children born
# with horrible flaws who cost the system an arm and a leg to be kept alive?
# We all pay because we are all part of this society and we should take
# care of one another.....

Oddly enough, dependent coverage costs a bit more than for one self
alone.  But if you really believe your claims, you could make a lot
of money starting the ""Homosexuals Health Insurance Co."" and refuse to
insure ""breeders.""  But I shudder to think what your premiums will be
like.

# Bil Snodgrass III"
talk_politics_misc_006,talk.politics.misc,"Yeah, I'm also curious as to why you felt compelled to remind us of the
guy's race. BTW, I don't mean to imply that you're clueless or anything, but
the statement was *hardly* ""benign"". 
--"
rec_sport_baseball_004,rec.sport.baseball,"Dave Winfield's name does not go



       In terms of PEAK, and I repeat PEAK years, Winfield has Done it  
all. He has batted in the 340's for a season, drove in 100 and more runs  
many times in a row before his injury. Consistently hit at or near 300  
while knocking in 35 home runs. Have you even LOOKED at Dave Winfield's  
slugging percentage for three or 4 of his best seasons. I still think that  
dave was one of the BETTER of all time, but obviously not the best. He was  
one of the best athletes evr to play baseball. He hit line drives that hit  
the scoreboard in left-center field, a feat np one has done in the new  
Stadium. Heck, only 2 or 3 other people have hit it over that green fence  
since it has been remodeled. He could field, had a bullet arm, and his  
hitting was comparable in many seasons to gary sheffields, and barry bonds  
of last season. He is older now, and slowing down, takes more of an  
uppercut to lift the ball out of the park, but he will always be my hero,  
and my idol. There is nothing that could make me happier than George  
inviting Dave back to the Bronx to play his last year of ball with the  
Yankees. Of course, he will most likely refuse the offer, but who knows?  
For 3 million dollars, he'll play. Heck they are giving gallego 2.5  
million this year, having Dave as their DH, while leaving him time to play  
the field when Tartabull is injured, or Nokes and mass are traded, should  
give the Yanks the inspiration and leadership that will sweep in a new age  
of Yankee domination."
talk_politics_misc_007,talk.politics.misc,
sci_med_002,sci.med,": A very simple question : it seems to me that the contraceptive
: pill just prevents the ovule to nest in the vagina and forces it to
: fall every month. But it does not prevent the fertilzation of the 
: ovule. Is it true ? If yes, is there a risk of extra-uterine
: pregnancy, that is the development of the ovule inside the Fallopian
: tube ?

Actually that is not how the pill works, but it *is* how the IUD works.
The oral contraceptive pill actually *prevents* ovulation from occuring
by providing negatve feedback to the pituitary gland, and thus preventing
the LH surge that normally occurs at the time of ovulation.  With the IUD
what happens is that fertilization may occur, but the device prevents
implantation within the wall of the uterus (*not* the vagina)."
sci_med_003,sci.med,"- Am I justified in being pissed off at this doctor?
- 
- Last Saturday evening my 6 year old son cut his finger badly with a knife.
- I took him to a local ""Urgent and General Care"" clinic at 5:50 pm.  The 

	[story deleted]

- be bothered.  My son did get three stitches at the emergency room.  I'm still 
- trying to find out who is in charge of that clinic so I can write them a 
- letter.   We will certainly never set foot in that clinic again.
- 

The people in charge already know what kind of 'care' they are 
providing, and they don't give a rat's ass about your repeat business.

You are much more likely to do some good writing to local newspapers,
and broadcast news shows.  If you do, keep the letter short and to the point
so they don't discard it out of hand, and emphasize exactly what you
are upset about.

It's possible that the local health department can help you complain to 
someone official, but really, that 'clinic' exists for the sole purpose 
of generating walk-in income through advertising, and *nothing* you can do 
will change them -- all you can hope for is to help someone else avoid them.

I'm glad it sounds like your son did ok, anyway."
sci_med_004,sci.med,"By law, they would not be allowed to do that anyhow.




-- 
----------------------------------------------------------------------------
Gordon Banks  N3JXP      | ""Skepticism is the chastity of the intellect, and
geb@cadre.dsl.pitt.edu   |  it is shameful to surrender it too soon."""
sci_med_005,sci.med,"I sometimes wonder if Kekule's dream wasn't just a wee bit influenced by
aromatic solvent vapors ;-) heh heh."
talk_politics_misc_008,talk.politics.misc,"It's not what they did that matters.  It's what *you* do and
what *I* do and what *we* do in response that matters.  Do we
lessen ourselves by killing in response to killing?  It's
vengeance.  That's all.  It's no deterrent.  It serves no
purpose but to slake somebody's blood lust.


Yeah yeah yeah... and sure would be nice if we didn't apply the
death penalty disproportionately to minorities.  I'll revisit my
opinion on the death penalty when there are more whites up for
it than blacks.  I.e., when hell freezes over."
sci_med_006,sci.med,":Is erythromycin effective in treating pneumonia?
:
:-fm


Not only is it effective, it is in fact the drug of choice for
uncomplicated cases of community-acquired penumonia."
rec_sport_baseball_005,rec.sport.baseball,
sci_med_007,sci.med,"Larry:

The subject content IS serious; as is the question.

On one hand you state that ""things have changed dramatically"" but, at the
same time nothing you ""can think of has changed"".  Your girlfriend seems
to want to see a counselor, but you don't.  

I'd recommend that you examine your hesitation to see a counselor.  It's
a very good environment to examine issues.  

The fact of the matter is:  your girlfriend has a different perception than
you.  The TWO of you need to address the issue in order to resolve it.

Please consider going to a counselor with your girlfriend.  What could it
possibly hurt?"
rec_sport_baseball_006,rec.sport.baseball,"Since someone brought up sports radio, howabout sportswriting???

(Anyone give an opinion) 

Which city do you think has the best sports coverage in terms of
print media? 

(these are general questions) 

Is the Washington Post better than the Philadelphia Inquier or the NY
Times?  

Howabout the Philadelphia Daily News compared to the New York Daily
News?"
talk_politics_misc_009,talk.politics.misc,"# 	Actually, I was rather surprised to see an article on this subject
# (i.e. the ""new, inproved"" survey saying that roughly 1% of men are gay)
# on the front page of The New York _Times_ recently (I think it was
# on Thurs, 15 April).  The headline was something to the effect of 
# ""New Survey Finds 1% of Men Are Gay""
# 
# 	I was shocked, not because the New York _Times_ was running a story
# on a sex survey (although that was part of it), but because they thought
# that this news was actually important enough to warrant front page space.
# I mean, how many people actually CARE how many people are gay (as long as
# you know how to find/avoid them if you want to)?  I don't.  

If you don't care, why was so much effort put into promoting the
10% lie?  Because it was important to scare politicians into
obedience.

# 							-Matt"
rec_sport_baseball_007,rec.sport.baseball,"[snip]
[stats deleted - we've all seen them by now]

I nominate this last bit for ""Anti-Stathead Quote of the Week"".

Alomar only has a 50 point advantage in the most important offensive
category, while Baerga, who studied in the Joe Carter School of Out-Burning,
has more impressive mediot stats, largely due to opportunities rather
than quality.

The lines are fairly close in value, but edge to Alomar.

Now Baerga ain't chopped liver, but Alomar is still the man to beat among
AL second basemen...

--Craig"
talk_politics_misc_010,talk.politics.misc,"rites:
,
n

But drive UP to Cleveland and it is about 10,000 times better.  I from Toledo 
originally (but that place always as sucked as long as I've been on the planet.


Republicans have been trying to pass a balanced budget amendment for the last 
ten years.


Because for a while, the American companies couln't even compete in THEIR OWN 
COUNTRY, where free trade isn't even an issue.  However, even the automobile
pendelum has swung back to the Big 3.


Oh, I don't know.  It's probably in the tens of thousands."
rec_sport_baseball_008,rec.sport.baseball,"[...]


According to the Defensive Average stats posted by Sherri, Baerga had the
highest percentage of DPs turned in the league, while Alomar had the worst.
However, Alomar had a higher Defensive Average.  So who would be better?

Using Alomar's opportunities (469 groundballs, 73 possible double plays)
Alomar had 332 groundouts and turned 18 DPs.
Baerga would have had (with same DA & DP%) 328 groundouts and 35 DPs.

Using Baerga's opportunites (545 groundballs, 99 possible double plays).
Alomar would have had (with the same DA & DP%) 386 groundouts and 25 DPs.
Baerga had 381 groundouts and 47 DPs.

Baerga looks better, though it's possible his DP% would be lower with a 
different SS.

Will Baerga consistently turn twice as many double plays, however?  Alomar
has established a high level of defense, Baerga has not.  I would bet on
Alomar to be better next year, but last year Baerga was just as good overall.
-- 
Dale J. Stephenson |*| (steph@cs.uiuc.edu) |*| Grad Student At Large"
talk_politics_misc_011,talk.politics.misc,"(NOTE: cross-posted to alt.politics.italy and talk.politics.misc
 This is a reply to an article by Ed Ipser which also appeared in
 alt.politics.usa.misc and alt.politics.libertarian, but no longer belongs)


I hate to defend Ed (the article was very poorly written) but here goes:


Italy's per-capita debt is much higher than USA's.



This is *exactly* what the public in France & Italy perceive to be the
problem-- thus the French election and Italian pulizia.


Regarding the post-pulizia Italy:

Wrong.  This is true perhaps only for the Lega Nord.
The referendum Sunday is expected to establish a British/American style
first-past-the-post system in the Senate.  If implemented, it would
encourage a two- (or perhaps three-) party system in Italy.
Most likely the DC and PSI will not be these parties; rather there will
be a shakeup of the entire party structure from which 2 new parties
will emerge to dominate.  Will Lega Nord be one of these?  Who knows.

(The Camera dei Deputati (lower house) will likely remain with
Proportional Representation for a while, but there is talk of switching a
portion of that house, too. Maybe as much as 40% first-past-the-post)

Overall, the electoral reform in Italy is a welcome change.  Italians
are tired of having crappy government.  Porn stars, Pavarotti's and
Hunters & Fishers won't gain seats because PR is dead.  A good two-party
system will bring Italy efficient, accountable government.

It's about time."
talk_politics_misc_012,talk.politics.misc,"Exsqueeze me?  I saw *your* original post in alt.discrimination.
Your post was cross-posted to three groups.  My followup was cross-posted
to two of those three (omitting soc.motss).

Now, instead of engaging in meta-discussion off the topic, could you answer 
the question posed?  If your statement is so ""beign""(!?), you should have no
trouble politely responding to a polite query."
sci_med_008,sci.med,"I need advice with a situation which occurred between me and a physican
which upset me.  I saw this doctor for a problem with recurring pain.
He suggested medication and a course of treatment, and told me that I
need to call him 7 days after I begin the medication so that he may
monitor its effectiveness, as well as my general health.

I did exactly as he asked, and made the call (reaching his secretary).
I explained to her that I was following up at the doctor's request,
and that I was worried because the pain episodes were becoming more
frequent and the medication did not seem effective.

The doctor called me back, and his first words were, ""Whatever you want,
you'd better make it quick.  I'm very busy and don't have time to chit-
chat with you!""  I told him I was simply following his instructions to
call on the 7th day to status him, and that I was feeling worse.  I 
then asked if perhaps there was a better time for us to talk when he
had more time.  He responded, ""Just spit it out now because no time is
a good time.""  (Said in a raised voice.)  I started to feel upset and
tried to explain quickly what was going on with my condition but my
nervousness interfered with my choice of words and I kind of stuttered
and then said ""well, never mind"" and he said he'll talk to various
colleagues about other medications and he'll call me some other time.

This doctor called me that evening and said because I didn't express
myself well, he was confused about what I wanted.  At this point I
was pretty upset and I told him (in an amazingly polite voice considering
how angry I felt) that his earlier manner had hurt my feelings.  He told
me that he just doesn't have time to ""rap with patients"" and thought
that was what I wanted.  I told him that to assume I was calling to
""rap"" was insulting, and said again that I was just following through
on his orders.  He responded that he resented the implication that he 
felt I was making that he was not interested in learning about what his
patients have to say about their condition status.  He then gave me
this apology: ""I am sorry that there was a miscommunication and you
mistakenly thought I was insulting.  I am not trying to insult you
but I am not that knowledgeable about pain, and I don't have a lot of
time to deal with that.""  He then told me to call him the next day
for further instructions on how do deal with my pain and medication.

I am still upset and have not yet called.

My questions: (1) Should I continue to have this doctor manage my care?
(2) Since I am in pain off and on, I realize that this may cause me to
be more anxietous so am I perhaps over-reacting or overly sensitive?
If this doctor refers me to his colleague who knows more about the type
of pain I have, he still wants me to status him on my condition but
now I am afraid to call him."
sci_med_009,sci.med,"Short of changes by the feds, there is no way.  Codeine alone is very
difficult to prescribe without a lot of hassles.  Tylenol #3 is the
best compromise.  That way he can get refills.  The amount of acetominophen
he is getting with his codeine won't hurt him any.

-- 
----------------------------------------------------------------------------
Gordon Banks  N3JXP      | ""Skepticism is the chastity of the intellect, and
geb@cadre.dsl.pitt.edu   |  it is shameful to surrender it too soon."""
rec_sport_baseball_009,rec.sport.baseball,"So what does that have to do with RBI's?  The team with the most RBI's
doesn't necessarily win the game.

Yes, runs are the most important statistice -- for a *team*.  (So why does
every newspaper rank team offense by batting average?)

But for an individual player, runs and RBIs are context-dependent, and tell
us very little about the player himself, and more about his teammates and
position in the batting order."
sci_med_010,sci.med,"Speaking of which, has anyone else been impressed with how much the 
descriptions of neurasthenia published a century ago sound like CFS?

-- 
----------------------------------------------------------------------------
Gordon Banks  N3JXP      | ""Skepticism is the chastity of the intellect, and
geb@cadre.dsl.pitt.edu   |  it is shameful to surrender it too soon."""
rec_sport_baseball_010,rec.sport.baseball,"Whatever you say.  I think it's just 12 games into the season myself, so
I'm going to wait a bit before calling names.


I expect that Dave Otto will be a really bad pitcher, and I have no
idea why Simmons ever wanted him.  On the other hand, I expect him to
release Otto if he doesn't turn things around pretty fast.  (BTW,
Otto's game score for that 0 IP stinker was only 22, which points out
a problem with the method since Otto's performance was infinitely bad,
and excruciatingly prolonged.)


I think Merced's rookie year was a bit flukey, but aren't you willing to
give him some more at bats (and Tomlin a few more starts) before acting
so gloomy?


No he didn't.  Walk is a time bomb.  He has no stuff whatsoever, and when
the league finally realizes this, it won't be pretty at all.


Don't be so fast.  Doughty is the guy who signed Steve Buechele, which
was a move that threatened to bury Kevin Young in the minors.
Meanwhile, I'm not sure whether Doughty or Simmons signed Martin as a
six-year free agent before the 1992 season.


Twice through the rotation, and you've given up?  Yikes.


But so has his age, at least in baseball terms.  The useful half-life
of a 34- year-old injury-prone catcher can't be much longer than a year.


But he wanted to be a Dodger, and felt he had something to prove after his
disastrous 1992.  I don't think there was any chance for the Bucs to sign
him.


He certainly wasn't last year.


Hey, that's the ""Skates Smith"" package deal.  Anybody who acquires
Lonnie for his defense or base-running (particularly at this stage) is
a real weirdo.


If that's the goal of the team ownership, than I don't see why Sauer
gets a zero for making his boss happy.  I don't know what he has or
hasn't said about revenue sharing, so I can't comment there.


It's annoying, but since Leyland seems to have been pushing for them
to retain Jeff King, it was probably unavoidable.  Meanwhile, I think
bigger accomplishments of Simmons' tenure were getting some value for
John Smiley, not trading real prospects for veterans down the stretch
last year, drafting well in 1992, letting the rookies show something
in 1993.  Foley, Smith, and Candelaria were acquired to be replacement
parts, which means that even if fail it hasn't done serious damage to
the Bucs' future.


Does this mean that the Bucs lost the initial arbitration case?  I
never heard the outcome of this.  When will the final verdict be in on
this?


I'm not sure who was the idiot in this case, so I don't know who to
blame.  It might have been Doug Danforth, after all.  In fact, I
*seriously* suspect it was Doug Danforth, who has shown his
willingness to call the shots at exactly those moments when the gun is
pointed at his feet.

(btw--I've wondered whether my latest posts have been getting
off-site, so if somebody known to impersonate e.e. cummings can see
this, would he drop me a short note?)"
sci_med_011,sci.med,"I have heard that epileptic patients go into seizures if they
eat anything with MSG added.  This may have something to do with
the excitotoxicity of neurons."
rec_sport_baseball_011,rec.sport.baseball,"Lowenstein is NOT Jewish.  However, there is a long list including
Hank Greenberg, Moe Berg, Rod Carew (a convert), the Sherry brothers,
Art Shamsky, and Ron Blomberg."
talk_politics_misc_013,talk.politics.misc,"I suppose ALL media want something to happen, otherwise what would
	they report: that's their job. (duhhh to me!)

	But it's not so much surprising that they want a riot as it is amazing
	how they carry that desire across in not so subtle ways (at least to
	me...)

carlos."
rec_sport_baseball_012,rec.sport.baseball,"Oh, this is an easy trivia question.  The answer is ""any Cub not named
Sandberg or Grace."""
talk_politics_misc_014,talk.politics.misc,"Agreed.  We need more folks to admit they're bi.

-- 
Michael D. Adams	(starowl@a2i.rahul.net)	  Champaign, IL / southeast AL"
sci_med_012,sci.med,"If you can get it, you might want to try a Canadian over-the-counter product
called Secaris, which is a water-soluble gel.  Compared to Vaseline or other
greasy ointments, Secaris seems more compatible with the moisture that's
already there."
sci_med_013,sci.med,"Hello,  I am not sure if this is the right conference to ask this
question, however, Here I go..  I am a commercial fisherman and I 
fell about 3 weeks ago down into the hold of the boat and broke or
cracked a rib and wrenched and bruised my back and left arm.
  My question,  I have been to a doctor and was told that it was 
best to do nothing and it would heal up with no long term effect, and 
indeed I am about 60 % better, however, the work I do is very 
hard and I am still not able to go back to work.  The thing that worries me
is the movement or ""clunking"" I feel and hear back there when I move 
certain ways...  I heard some one talking about the rib they broke 
years ago and that it still bothers them.ÿ.  any opinions?
thanx and cheers"
sci_med_014,sci.med,"Nothing unisual.
Quote:
""
Chinese Restaurant Syndrome (CRS):
a transient syndrome, associated with arterial dilatation, due to ingestion
of monosodium glutamate, which is used liberally in seasoning chinese
food; it is characterized by throbbing of the head, lightheadedness,
tightness of the jaw, neck and shoulders, and bachache.
""
End quote.
Source: Dorland's Illustrated Medical Dictionary, 27th edition, 1988, W.B. Saunders, p 1632.

This was known long ago.  Brain produces and uses some MSG naturally,
but not in doses it is served at some chinese places. 
Having said that, i might add, that in MHO, MSG does not enhance
flavor enoughf for me to miss it.  When I go to chinese places,
I order food without MSG.  Goos places will do it for you.
A prerequisite for such a service would be a waiter, capable of
understanding, what you want.


Good Luck.


am"
sci_med_015,sci.med,"For those of you interested in the above Procedure, I am able to add the
following facts:

1) This Procedure is not done in Philadelphia.

2) It is performed in Maryland at Johns Hopkins for corrections between
   0 and -5 and from -10 to -20 (diopters, I think are the units).

3) It is performed in New York City at Manhattan Eye and Ear for corrections
   between 0 and -6.

The magic words to use when requesting information on this is not PRK (they
think you mean RK) but the excimer laser study (or protocol). This will get 
you to the proper people."
rec_sport_baseball_013,rec.sport.baseball,"Yeah Valentine, how many rings does Clemens have? 

Nothin' like good old fashioned Canadian logic...

BTW: The only good thing I can say about the Jay's rotation this year
is that it could have been worse.  Stewart might have stayed healthy.














--"
sci_med_016,sci.med,"You may also want to buy a 'self injector' or something like that.
My friend is diabetic.  You load the hyperdermic, put it in a plastic case
and set a spring to automatically push the needle into the skin and depress
the plunger.


~~~~~~~~~~~~~~~~~~~~~~~~~~~~~~~~~~~~~~~~~~~~~~~~~~~~~~~~~~~~~~~~~~
Live From New York, It's SATURDAY NIGHT..."
rec_sport_baseball_014,rec.sport.baseball,"ATTN: Those who live inthe Philadelphia Metro area...

Back in September I was listening to WIP, and I remember the morning
guys were talking with Mayor Ed Rendell.  The topic of conversation
was a new ball park for the Phillies.  The location for this new park
was suggested to be near 30th St Station.  At the time, the mayor was
optimisitic that in the future this could become a reality.  Has
there been any new news on this subject or is it still a pipe dream?
I know the city of Philadelphia has other projects ahead, such as the
new convention center and the upcoming Spectrum II.  But it would be
nice to see this a reality.  It is planned that the Phillies leave
the VET and leave it solely to the Eagles (and if that's the case,
the Eagles should make the VET a grass stadium, but that's another
story).  I want to see that day!"
talk_politics_misc_015,talk.politics.misc,"Excellently put!

Even as a libertarian, I have to admit government does do some things I
like.  There is a beautiful performing arts complex in Ft.  Lauderdale
that was partially built with tax dollars (I don't know how much was
private and how much was stolen, I mean public) but it is beautiful and
I enjoy it.  (Keep in mind, though, most of the people in the city will
never attend a single performance there, so they might feel differently
about having to help pay for it.)

However, I have to disagree about it being desireable or efficient to
give government intervention-power on a case-by-case basis.  In fact,
we have a lot better luck maintaining our freedom of speech precisely
because it is not decided on a case-by-case basis as much as other
issues.  Judges decide whether political speech is allowed on the
sidewalk in front of the post office.  They do not try to decide just
whether pro-nazi, pro-choice, pro-life, or pro-tax political speech
should be allowed on the sidewalk in front of the post office.  You can
imagine the result if right to free speech was decided by the majority
on a case-by-case basis.

Not so with economic issues.  Government does tell taxi-drivers exactly
what they can charge, but not the bus lines or the lawyers.

Just as it is not desireable to decide rights of free speech on a
case-by-case basis, we should not decide rights to free enterprise on a
case-by-case basis.

There is hope that a government can be restricted from interferring with
free enterprise.  But there is no hope, in my opinion, of having a
government that interferes with free enterprise in an ""efficient""
manner; I call it political market failure.

Thus, if you value freedom and the abundance it produces, you have to
swallow the ""whole libertarian agenda."""
sci_med_017,sci.med,"I have seen a fair bit of traffic recently concerning Epilepsy and
seizures.  I am also interested in this subject -- I have a son with
Epilepsy and I am very active with the local association.  I posted a
message like this a few months ago and received no replies, but here it
is again.

Is anyone interested in participating in a mailing list on Epilepsy and
seizures?  This would allow us to hold discussions and share
information via electronic mail.  I already run a Listserver for two
other groups, so the mechanics would be easy.

If you are interested, mail me a note.  If I get enough replies, I will
make it happen and provide you with the details.

BTW, I have also started a database on Epilepsy.  This is part of my
research on natural language question answering systems.  Users of this
service are able to ask questions about Epilepsy and the program
searches the database and retrieves its best response.  The technology
works by comparing your question against a set of questions that have
been seen before.  All new questions that are not answered are recorded
and used to improve the system.

This database is still small and sparse, but we are adding new
information.  To try it out, do the following

	telnet debra.dgbt.doc.ca
	login: chat

	Then select the Epilepsy item from the menu of databases.

-- 
Andrew Patrick, Ph.D.       Communications Research Centre, Ottawa, CANADA
                       andrew@calvin.dgbt.doc.CA"
rec_sport_baseball_015,rec.sport.baseball,"Has anyone heard anything about Mel Hall this season?  I'd heard he wasn't
with the Yankees any more.  What happened to him?

				Doug Dolven"
sci_med_018,sci.med,"How long ago was this?  When I said you'd get counselling, I meant if
you did it now.  Long ago, practices varied and agencies had to gear
up to provide the counselling.


Good for her.  What we don't need is everyone suing community service
agencies that provide blood that people need.  Testing is not fool proof.
The fact that he got AIDS from a transfusion (if he really did) does
not mean the Red Cross screwed up.  Prior to 1983 or so, there wasn't
a good test and a lot of bad blood got through.  This wasn't the fault
of the Red Cross.  When did he get the transfusions?

-- 
----------------------------------------------------------------------------
Gordon Banks  N3JXP      | ""Skepticism is the chastity of the intellect, and
geb@cadre.dsl.pitt.edu   |  it is shameful to surrender it too soon."""
rec_sport_baseball_016,rec.sport.baseball,"Does anybody have a GIF of the Tiger Stadium seating chart?  Thanks!
-- 
------------------------------------------------------------------------------
Brian Curran                 Mead Data Central              brian@meaddata.com"
talk_politics_misc_016,talk.politics.misc,"That was hardly the point, was it? I was commenting on this all-too-common
Republican attitude that if people disagree with us, they must be idiots, they
must be sheep being led around by the Evil Liberal Media Conspiracy. This is
a dangerous attitude indeed. Because it's not a very big step from ""people
are sheep, they can't think for themselves"" to ""people are sheep and need
firm leadership from we, who know better""... this sort of attitude makes
me worry about what'll happen to the United States if the extremist wing
of the Republican party ever gets back into power again.


Hey! This is a government-funded newsgroup! Let's have some separation
of church and state, damn it!




More like:

Broward: ""Clinton's going to raise your income taxes by over $1000!""
Mark:    ""No, he's not, only about $204.""
Broward: (silence)


OK, I predict that in 1996 the Republicans will STILL be bitter. Yeah, yeah,
I know, it's not very impressive to predict things that are inevitable..."
rec_sport_baseball_017,rec.sport.baseball,"The Angels won their home opener against the Brewers today before 33,000+ 
at Anaheim Stadium, 3-1 on a 3-hitter by Mark Langston.  J.T. Snow and 
Gary Discarcina hit home runs for the Angels."
sci_med_019,sci.med,"SP> From: paulson@tab00.larc.nasa.gov (Sharon Paulson)
SP> to describe here.  I have a fourteen year old daugter who experienced
SP> a seizure on November 3, 1992 at 6:45AM after eating Kellog's Frosted
SP> Flakes.

SP> Well, we were going along fine and the other morning, April 5, she had
SP> a bowl of another Kellog's frosted kind of cereal, Fruit Loops (I am

SP> When I mentioned what she ate the first time as a possible reason for
SP> the seizure the neurologist basically negated that as an idea.  Now
SP> after this second episode, so similar in nature to the first, even
SP> he is scratching his head.

There's no data that sugar-coated cereals cause seizures.  I haven't
even seen anything anecdotal on it.  Given how common they are eaten
- do you know any child or adolescent who *doesn't* eat the stuff? -
I think that if there were a relationship we would know it by now.
Also, there's nothing weird in those cereals.  As far as the brain
is concerned (except for a few infantile metabolic disorders such as
galactosemia), sugar is sugar, regardless if it is coated on cereal,
sprinkled onto cereal, or dissolved in soda, coffee or whatever.

There was some interest a few years ago in aspartame lowering
seizure thresholds, but I don't believe anything ever came of it."
rec_sport_baseball_018,rec.sport.baseball,"} How does one read the betting spreads for baseball?  They tend to be something
} like 8-9 which means it must not be runs!

that spread means you bet $5 on the underdog to win $8, or $9 on the
favorite to win $5."
rec_sport_baseball_019,rec.sport.baseball,"I wish I hadn't sold my copy of Jewish Baseball Stars.  It's a Short Shelf
(i.e., the one on top of the toilet tank) Special.  The writing in that 
books is so astonishingly awful -- every sportswriting cliche taken to
the nth degree and then mangled -- that it's funny.

Rusinow is the author, I think."
talk_politics_misc_017,talk.politics.misc,"Yes, and of course the Kinsey Report taken 50 years ago in much more liberal 
times regarding homosexuality.........


Or smart enough to realize that that argument would have to apply to every 
survey regarding homosexuality.  Therefore, they would look stupid. (Actually, 
Idid see Bryant Gumble bring that point up.  Hee, hee)."
talk_politics_misc_018,talk.politics.misc,"If you happen to know a political position which does not
have people advocating it who do more harm than good, please point it
out.
       

       One of the advantages and draw-backs of requiring proof
on the part of the government before they may take action against
citizens.  (and part of the reason some of us believe weapons should
be available.)


       We are not arguing the absolute sanctity of the U.S.
Constitution.  In fact, the fillibuster we're talking about isn't
*in* the Constitution.  I objected to your suggestion that the Senate
wasn't intended to exercise the power it was clearly given.


       I'll point out again that Reagan only had a Republican Majority
in the Senate during his first term, and his coalition in the House
came apart at about the same time.  Bush never had any real support in
Congress.

       The real point is that everybody, *everywhere* got their pork,
from the big corporations to the guy I saw last night leaving a
convenience store with an armful of junk-food he'd bought with
food stamps.  (He spent more in food stamps on junk than I *make* in a week
and I'm not on government assitance.)


       Lessee, let's pull out the old Almanac.

       In 1980, total U.S. government budget outlays were 590.9 billion
dollars.  In 1992 (est) they were 1.4754 trillion dollars, an increase of
approx. 884 billion dollars.

       In 1980, National Defense cost 133.9 billion dollars.  In
192 it was 307 billion dollars, and increase of 174 billion dollars.
That leaves an increase of 710 billion dollars unaccounted
for.  (This represented an increase of 230%)

       In 1980, Income Security (which includes retirement programs,
Housing Assitance, and unemployment benefits, and I believe welfare)
cost 86.5 billion dollars.  In 1992 it was 198 billion dollars, or
more than national defense started.  (This represented an increase
of 230%)

       In 1980, the Federal Government spent 32 billion dollars on
Medicare.  In 1992 they spent 118 billion dollars.  (an increase of
368%)

       In 1980, the Feds spent 9 billion dollars on housing
credits and subsidies of that like.  In 1992 it was 87 billion.

       In 1980, Health care services and research was 23 billion
dollars.  In 1992, it was 94 billion dollars.

       Agriculture, up 9 billion to 17 billion.

       Science, up 11 billion to 16 billion.

       Resource conservation up 7 billion to 20 billion.

       Education up 14 billion to 45 billion.

       Veteran benefits up 12 billion to 33 billion.

       Trasnportation up 13 billion to 34 billion.
     
       About the only things I see which was seriously decreased was under 
the Energy category, primarily under ""Supply,"" and ""Community Development,""
in the area of ""disaster relief,"" and between the two of them
represent a loss of less than 11 billion dollars.

       Where *was* this huge diversion?


       Not that's a stretch.  If the current government was pushed by
the President to create this mess, wouldn't one expect it to begin to
equalize once the pressure is gone?


       Only assuming that the new role is a positive role we want
to continue. I see very little positive about it.


       The Constitution was *designed* to frustrate the democratic
process, so that the voters could be absolutely sure they were getting
what they wanted by the time it happened.  Nor do I see putting the
brakes on the ""democratic process"" an inherently bad thing.  Califronia's
riding the edge and every time they pull their ballot initiative nonsense
it gets worse.


       Sometimes, or perhaps most of the time, the people should be
told, ""no,"" and pointed to their local government.       


       Phill, would you do me the very great favor of repeating that
in talk.politics.guns?


       Cute.  We can eliminate violations of the law by eliminating
the law.


       Free speech alone is dangerous, Phill.


       OK, Phill.  All you gotta show me is a clear pattern of
*reduction* in homicide rates across several countries and that'll
be it.  (Not current, mind, you, reduction.)



        Who's chaining anything to freedom of speech?  By *calling*
it a freedom?  


       Phill, you're a master of subtly changing the subject.  I haven't
*based* my argument against raw democracy on the Constitution.  I've
tried to explain why it isn't a good idea.  The only time I've referred
to the Constitution is to point out it doesn't contain the restrictions
on the veto and the Senate you appear to believe were ""meant,"" but
just didn't make it in there.
     
       The Constitution doesn't *contain* the 41% fillibuster rule.
I only believe that the rule is a good idea.  You cn't dismiss that
as venerating the Constitution because it isn't *in* the Constitution."
rec_sport_baseball_020,rec.sport.baseball,"Wasn't Ron Bloomberg, the former Yankee who got the first base hit
by a Designated Hitter, Jewish??"
sci_med_020,sci.med,"I posted this to sci.psychology on April 3, and after seeing
your post here on panice disorder thought it would be
relevant.

-----

My research indicates that two schools of thought exist.
the literature promoting medication says it's the superior
treatment.  Not surprisingly, literature promoting cognitive
therapy also claims to be superior.

What are the facts?  Early in my research I didn't have a
bias towards either medication or cognitive therapy.  I
was interested in a treatment that worked.  After reading
journals published after 1986, the cognitive therapy camp
claims a higher success rate (approx 80%), a lower drop-out
rate, and no side effects associated with medication.

Lars-Goran Ost published an excellent article titled
""Applied Relaxation: Description of a coping technique and
a review of controlled studies.""  This is from Behav. Res. Ther.,
vol. 25, no. 5, pp. 397-409, 1987.  The article provides
instructions on how to perform applied relaxation (AR).
Briefly, you start with two 15 minute sessions daily, and
progress in 8-12 weeks to performing 10-15 thirty second sessions
daily.

I'll snail mail this article to anyone interested (USA only please;
International please pay for postage)."
talk_politics_misc_019,talk.politics.misc,"... an amazing illustration of disconnection from reality.

Glad to see that you agree that the current Government is reticent
about admitting the sovereignty of the people!  Speaking from personal
experience, I have had judges illegally assume jurisdiction even after
I demanded that the DA prove such jurisdiction on the record, and the
DA stood mute.  I have also had an appellate court uphold such action
and hide behind California Rules of Court, Rule 106 (""The judges of
the appellate department shall not be required to write opinions in
any cases decided by them, but may do so whenever they deem it
advisable or in the public interest."").  That is reality, I agree."
talk_politics_misc_020,talk.politics.misc,"One of the commentators on one of the Big Three news programs 
described the VAT (which ain't a sales tax) as a tax ""government's love.""
I was even surprised he got the reason right:  it effectively hides the
majority of the tax the consumer has to pay *from* the consumer.  It's
kind of like they do with cars.  You pay far more for automobile taxes than
most people realize because it's contained in two dozen different taxes,
everything from your license to your tires to your gasoline."
